ID_Client;Revenu_Annuel;Montant_Credit;Durée_Credit;Taux_Interet;Type_Credit;Statut_Credit
C0001;54535;302034;15;4.43;Consommation;Accepté
C0002;28512;107207;15;5.48;Immobilier;Refusé
C0003;19841;67554;10;2.84;Consommation;Accepté
C0004;93528;87282;5;2.5;Consommation;Refusé
C0005;54261;148088;20;4.77;Consommation;Accepté
C0006;21700;211666;20;3.37;Consommation;Refusé
C0007;73758;119647;20;2.76;Auto;Refusé
C0008;69729;386621;5;2.74;Immobilier;Accepté
C0009;54627;367497;10;4.13;Consommation;Accepté
C0010;73598;138033;20;2.1;Immobilier;Refusé
C0011;37424;189368;20;1.8;Consommation;Refusé
C0012;64725;421507;5;2.84;Immobilier;Refusé
C0013;24916;192465;15;2.67;Auto;Accepté
C0014;35678;403582;10;2.08;Immobilier;Refusé
C0015;31595;495513;25;2.37;Consommation;Refusé
C0016;91102;209716;20;4.43;Consommation;Accepté
C0017;63022;491197;25;2.58;Consommation;Refusé
C0018;17732;474885;25;1.72;Consommation;Refusé
C0019;61795;447543;20;4.87;Immobilier;Refusé
C0020;97343;498587;25;3.43;Immobilier;Refusé
C0021;34433;370869;15;3.96;Auto;Refusé
C0022;30635;123893;20;2.06;Immobilier;Accepté
C0023;97068;496037;5;4.9;Immobilier;Accepté
C0024;51832;386759;5;4.41;Immobilier;Accepté
C0025;87428;483049;25;2.4;Immobilier;Accepté
C0026;33518;268333;25;5.16;Auto;Accepté
C0027;33773;484635;5;4.27;Auto;Accepté
C0028;82060;379832;10;3.53;Consommation;Refusé
C0029;53750;280874;10;4.17;Immobilier;Refusé
C0030;36910;371203;20;2.55;Consommation;Refusé
C0031;41207;404421;5;5.4;Consommation;Refusé
C0032;33593;199078;20;1.57;Consommation;Accepté
C0033;98790;156373;5;4.73;Immobilier;Accepté
C0034;84478;394265;15;1.54;Auto;Accepté
C0035;36100;188591;10;2.3;Auto;Accepté
C0036;51656;499561;15;4.3;Consommation;Refusé
C0037;36892;255081;20;5.17;Immobilier;Accepté
C0038;22039;325468;10;4.55;Consommation;Refusé
C0039;82784;425989;20;2.92;Consommation;Refusé
C0040;32033;445012;15;2.49;Auto;Accepté
C0041;78959;165827;10;4.6;Auto;Accepté
C0042;51726;459086;10;4.51;Auto;Accepté
C0043;99146;195504;15;5.16;Auto;Accepté
C0044;69496;357177;10;4.79;Immobilier;Refusé
C0045;34963;361752;15;3.48;Consommation;Accepté
C0046;50961;444155;20;4.65;Consommation;Refusé
C0047;36650;388808;25;4.46;Immobilier;Accepté
C0048;60274;152512;10;5.25;Auto;Refusé
C0049;38867;224678;10;2.49;Consommation;Refusé
C0050;44444;372286;25;5.36;Consommation;Refusé
C0051;65132;456519;5;2.22;Auto;Accepté
C0052;58782;132199;25;4.5;Immobilier;Refusé
C0053;28003;362629;15;3.0;Auto;Refusé
C0054;47538;436625;25;2.02;Auto;Accepté
C0055;72635;475528;10;4.92;Consommation;Accepté
C0056;34498;432516;15;1.71;Auto;Accepté
C0057;37309;18781;5;3.8;Consommation;Accepté
C0058;87050;142668;25;1.8;Auto;Accepté
C0059;67758;359787;10;5.31;Consommation;Accepté
C0060;32768;325069;10;5.49;Auto;Refusé
C0061;48897;56046;15;4.26;Auto;Accepté
C0062;51337;360000;15;2.81;Immobilier;Refusé
C0063;47631;341843;25;1.7;Consommation;Refusé
C0064;75764;228784;10;4.98;Auto;Refusé
C0065;33909;215928;25;4.13;Auto;Accepté
C0066;51250;96072;20;1.6;Auto;Accepté
C0067;30223;39773;10;4.04;Immobilier;Refusé
C0068;84328;337207;10;3.8;Auto;Refusé
C0069;84219;188254;20;3.66;Auto;Accepté
C0070;47155;124512;15;4.41;Immobilier;Accepté
C0071;15104;462337;15;2.42;Immobilier;Refusé
C0072;50400;241753;25;4.23;Immobilier;Accepté
C0073;69196;12945;25;3.53;Auto;Refusé
C0074;51185;253844;20;4.21;Auto;Accepté
C0075;68457;315012;5;5.22;Auto;Accepté
C0076;87382;400110;25;3.77;Auto;Refusé
C0077;49262;326926;15;2.9;Immobilier;Refusé
C0078;41450;190483;25;4.71;Consommation;Accepté
C0079;60714;494864;5;1.81;Consommation;Accepté
C0080;24305;375492;25;4.35;Auto;Accepté
C0081;51264;193773;10;2.31;Consommation;Refusé
C0082;19918;245360;10;3.62;Consommation;Refusé
C0083;76472;199879;20;5.38;Immobilier;Refusé
C0084;93550;282422;10;2.67;Auto;Refusé
C0085;65965;412319;25;4.47;Immobilier;Accepté
C0086;62825;424948;10;2.13;Consommation;Refusé
C0087;53115;172673;20;4.96;Immobilier;Refusé
C0088;96501;42648;20;2.39;Auto;Refusé
C0089;17624;7451;25;1.64;Consommation;Refusé
C0090;77604;251788;20;4.78;Auto;Refusé
C0091;15259;191543;25;4.35;Immobilier;Refusé
C0092;90995;318050;15;3.06;Consommation;Accepté
C0093;94471;393029;20;1.87;Consommation;Accepté
C0094;86256;302918;10;2.21;Consommation;Accepté
C0095;34420;182235;10;1.78;Auto;Refusé
C0096;64805;178598;5;3.6;Immobilier;Accepté
C0097;19196;276994;25;2.08;Auto;Accepté
C0098;90997;351522;25;3.59;Consommation;Refusé
C0099;46114;223449;15;3.57;Auto;Refusé
C0100;29029;52149;25;2.68;Immobilier;Accepté
