id_vente,date_vente,produit,categorie,prix_unitaire,quantite,client,region,mode_paiement,montant_total
2,2025-11-09,Casque audio,ÉLECTRONIQUE,185.41,4.0,Client_1099,ÎLE-DE-FRANCE,Carte bancaire,741.64
3,2025-11-28,Stylo pack x10,FOURNITURES,7.55,1.0,Client_1115,AUVERGNE-RHÔNE-ALPES,Espèces,7.55
5,2025-10-12,Lampe LED,MOBILIER,57.04,1.0,Client_1114,AUVERGNE-RHÔNE-ALPES,Chèque,57.04
6,2025-05-27,Bureau réglable,MOBILIER,311.61,3.0,Client_1129,ÎLE-DE-FRANCE,Chèque,934.83
7,2025-12-05,Stylo pack x10,FOURNITURES,7.72,3.0,Client_1165,OCCITANIE,Virement,23.16
8,2025-05-11,Ordinateur portable,ÉLECTRONIQUE,1187.64,4.0,Client_1004,AUVERGNE-RHÔNE-ALPES,Chèque,4750.56
10,2025-11-22,Classeur,FOURNITURES,2.68,2.0,Client_1056,AUVERGNE-RHÔNE-ALPES,Chèque,5.36
12,2025-10-20,Smartphone,ÉLECTRONIQUE,649.67,3.0,Client_1162,BRETAGNE,Virement,1949.0099999999998
15,2025-11-05,Ordinateur portable,ÉLECTRONIQUE,1319.11,4.0,Client_1097,OCCITANIE,Carte bancaire,5276.44
16,2025-09-15,Stylo pack x10,FOURNITURES,7.03,1.0,Client_1200,AUVERGNE-RHÔNE-ALPES,Virement,7.03
17,2025-04-23,Lampe LED,MOBILIER,58.17,2.0,Client_1194,ÎLE-DE-FRANCE,Carte bancaire,116.34
18,2025-12-09,Casque audio,ÉLECTRONIQUE,174.48,1.0,Client_1143,OCCITANIE,Carte bancaire,174.48
19,2025-03-24,Bureau réglable,MOBILIER,426.01,3.0,Client_1106,OCCITANIE,Espèces,1278.03
20,2025-02-22,Bureau réglable,MOBILIER,378.79,1.0,Client_1128,NOUVELLE-AQUITAINE,Non renseigné,378.79
21,2025-06-19,Casque audio,ÉLECTRONIQUE,116.45,2.0,Client_1121,AUVERGNE-RHÔNE-ALPES,Carte bancaire,232.9
22,2025-12-28,Cahier A4,FOURNITURES,2.41,4.0,Client_1026,OCCITANIE,Espèces,9.64
23,2025-11-01,Casque audio,ÉLECTRONIQUE,182.68,1.0,Client_1062,OCCITANIE,Chèque,182.68
24,2025-06-08,Cahier A4,FOURNITURES,2.35,3.0,Client_1152,OCCITANIE,Non renseigné,7.050000000000001
25,2025-07-19,Cahier A4,FOURNITURES,1.07,3.0,Client_1103,BRETAGNE,Carte bancaire,3.21
26,2025-12-07,Smartphone,ÉLECTRONIQUE,1015.83,2.0,Client_1019,BRETAGNE,Virement,2031.66
27,2025-07-27,Casque audio,ÉLECTRONIQUE,164.41,4.0,Client_1047,ÎLE-DE-FRANCE,Espèces,657.64
28,2025-01-03,Lampe LED,MOBILIER,50.55,3.0,Client_1029,NON RENSEIGNÉ,Carte bancaire,151.64999999999998
29,2025-05-17,Casque audio,ÉLECTRONIQUE,100.99,3.0,Client_1032,OCCITANIE,Virement,302.96999999999997
30,2025-04-19,Bureau réglable,MOBILIER,203.34,4.0,Client_1185,OCCITANIE,Non renseigné,813.36
32,2025-04-21,Smartphone,ÉLECTRONIQUE,336.37,2.0,Client_1160,BRETAGNE,Virement,672.74
33,2025-08-10,Casque audio,ÉLECTRONIQUE,94.08,3.0,Client_1017,ÎLE-DE-FRANCE,Carte bancaire,282.24
36,2025-11-27,Lampe LED,MOBILIER,21.0,3.0,Client_1046,BRETAGNE,Espèces,63.0
38,2025-08-08,Classeur,FOURNITURES,4.54,2.0,Client_1195,OCCITANIE,Carte bancaire,9.08
39,2025-06-28,Lampe LED,MOBILIER,43.05,1.0,Client_1160,AUVERGNE-RHÔNE-ALPES,Chèque,43.05
40,2025-08-23,Cahier A4,FOURNITURES,4.99,3.0,Client_1184,OCCITANIE,Espèces,14.97
42,2025-02-20,Smartphone,ÉLECTRONIQUE,422.27,4.0,Client_1141,AUVERGNE-RHÔNE-ALPES,Carte bancaire,1689.08
43,2025-07-02,Ordinateur portable,ÉLECTRONIQUE,1255.02,1.0,Client_1048,ÎLE-DE-FRANCE,Chèque,1255.02
44,2025-03-25,Ordinateur portable,NON RENSEIGNÉ,755.77,2.0,Client_1001,OCCITANIE,Chèque,1511.54
45,2025-11-13,Ordinateur portable,ÉLECTRONIQUE,988.63,4.0,Client_1032,NOUVELLE-AQUITAINE,Virement,3954.52
47,2025-06-04,Chaise de bureau,MOBILIER,210.12,1.0,Client_1104,ÎLE-DE-FRANCE,Chèque,210.12
48,2025-04-01,Classeur,FOURNITURES,5.38,3.0,Client_1041,BRETAGNE,Espèces,16.14
49,2025-06-07,Lampe LED,MOBILIER,49.26,1.0,Client_1006,AUVERGNE-RHÔNE-ALPES,Carte bancaire,49.26
50,2025-04-22,Smartphone,ÉLECTRONIQUE,1059.21,1.0,Client_1085,AUVERGNE-RHÔNE-ALPES,Non renseigné,1059.21
51,2025-09-07,Classeur,FOURNITURES,2.99,4.0,Client_1171,NOUVELLE-AQUITAINE,Non renseigné,11.96
52,2025-02-09,Classeur,FOURNITURES,3.8,1.0,Client_1072,AUVERGNE-RHÔNE-ALPES,Espèces,3.8
53,2025-10-09,Smartphone,ÉLECTRONIQUE,557.69,1.0,Client_1152,AUVERGNE-RHÔNE-ALPES,Virement,557.69
54,2025-04-03,Bureau réglable,MOBILIER,330.41,3.0,Client_1006,NOUVELLE-AQUITAINE,Carte bancaire,991.23
56,2025-11-06,Classeur,FOURNITURES,2.56,1.0,Client_1010,AUVERGNE-RHÔNE-ALPES,Carte bancaire,2.56
59,2025-05-19,Lampe LED,MOBILIER,29.91,4.0,Client_1067,ÎLE-DE-FRANCE,Espèces,119.64
60,2025-11-26,Ordinateur portable,ÉLECTRONIQUE,884.52,4.0,Client_1179,NOUVELLE-AQUITAINE,Carte bancaire,3538.08
61,2025-08-24,Chaise de bureau,MOBILIER,270.72,1.0,Client_1168,AUVERGNE-RHÔNE-ALPES,Chèque,270.72
63,2025-08-04,Cahier A4,FOURNITURES,3.56,1.0,Client_1147,ÎLE-DE-FRANCE,Espèces,3.56
64,2025-05-18,Smartphone,ÉLECTRONIQUE,881.67,1.0,Client_1078,ÎLE-DE-FRANCE,Chèque,881.67
65,2025-08-17,Lampe LED,MOBILIER,24.16,2.0,Client_1108,ÎLE-DE-FRANCE,Non renseigné,48.32
66,2025-08-16,Stylo pack x10,FOURNITURES,3.92,2.0,Client_1122,NOUVELLE-AQUITAINE,Non renseigné,7.84
69,2025-08-02,Stylo pack x10,FOURNITURES,11.1,2.0,Client_1056,AUVERGNE-RHÔNE-ALPES,Carte bancaire,22.2
70,2025-11-12,Cahier A4,NON RENSEIGNÉ,2.31,2.0,Client_1029,AUVERGNE-RHÔNE-ALPES,Virement,4.62
71,2025-08-12,Classeur,FOURNITURES,2.06,1.0,Client_1121,AUVERGNE-RHÔNE-ALPES,Chèque,2.06
72,2025-02-10,Lampe LED,MOBILIER,36.59,2.0,Client_1088,AUVERGNE-RHÔNE-ALPES,Espèces,73.18
74,2025-04-11,Chaise de bureau,MOBILIER,166.41,3.0,Client_1070,OCCITANIE,Espèces,499.23
75,2025-06-09,Cahier A4,FOURNITURES,2.87,2.0,Client_1184,BRETAGNE,Chèque,5.74
76,2025-01-27,Ordinateur portable,ÉLECTRONIQUE,1315.67,2.0,Client_1171,NOUVELLE-AQUITAINE,Carte bancaire,2631.34
77,2025-10-07,Classeur,FOURNITURES,3.91,1.0,Client_1057,AUVERGNE-RHÔNE-ALPES,Virement,3.91
78,2025-12-28,Stylo pack x10,FOURNITURES,4.84,3.0,Client_1194,OCCITANIE,Virement,14.52
79,2025-11-14,Classeur,FOURNITURES,4.51,1.0,Client_1008,BRETAGNE,Virement,4.51
80,2025-10-02,Lampe LED,MOBILIER,56.14,4.0,Client_1141,NOUVELLE-AQUITAINE,Chèque,224.56
81,2025-05-10,Smartphone,ÉLECTRONIQUE,563.75,4.0,Client_1020,AUVERGNE-RHÔNE-ALPES,Espèces,2255.0
83,2025-03-17,Lampe LED,MOBILIER,20.34,4.0,Client_1076,NOUVELLE-AQUITAINE,Chèque,81.36
85,2025-05-17,Lampe LED,MOBILIER,44.85,2.0,Client_1075,OCCITANIE,Espèces,89.7
88,2025-10-13,Smartphone,ÉLECTRONIQUE,488.8,3.0,Client_1095,NOUVELLE-AQUITAINE,Chèque,1466.4
89,2025-09-17,Cahier A4,FOURNITURES,1.7,2.0,Client_1189,OCCITANIE,Carte bancaire,3.4
91,2025-07-27,Casque audio,ÉLECTRONIQUE,121.93,1.0,Client_1002,NOUVELLE-AQUITAINE,Virement,121.93
92,2025-11-23,Lampe LED,MOBILIER,22.32,2.0,Client_1186,AUVERGNE-RHÔNE-ALPES,Espèces,44.64
93,2025-07-02,Stylo pack x10,FOURNITURES,5.19,4.0,Client_1105,BRETAGNE,Chèque,20.76
94,2025-06-10,Classeur,NON RENSEIGNÉ,4.84,2.0,Client_1069,ÎLE-DE-FRANCE,Carte bancaire,9.68
95,2025-04-03,Bureau réglable,MOBILIER,307.26,4.0,Client_1013,OCCITANIE,Chèque,1229.04
97,2025-10-23,Smartphone,ÉLECTRONIQUE,897.5,2.0,Client_1198,BRETAGNE,Virement,1795.0
101,2025-03-05,Smartphone,ÉLECTRONIQUE,620.57,1.0,Client_1030,NON RENSEIGNÉ,Chèque,620.57
102,2025-08-06,Classeur,FOURNITURES,3.59,1.0,Client_1167,BRETAGNE,Carte bancaire,3.59
104,2025-07-15,Chaise de bureau,MOBILIER,296.14,1.0,Client_1178,AUVERGNE-RHÔNE-ALPES,Chèque,296.14
105,2025-10-06,Chaise de bureau,MOBILIER,171.61,3.0,Client_1027,ÎLE-DE-FRANCE,Carte bancaire,514.83
107,2025-11-21,Ordinateur portable,ÉLECTRONIQUE,1167.54,1.0,Client_1164,BRETAGNE,Chèque,1167.54
108,2025-02-24,Cahier A4,FOURNITURES,2.36,4.0,Client_1039,OCCITANIE,Chèque,9.44
110,2025-07-11,Bureau réglable,MOBILIER,173.17,3.0,Client_1035,BRETAGNE,Espèces,519.51
113,2025-06-26,Smartphone,ÉLECTRONIQUE,402.93,3.0,Client_1154,OCCITANIE,Chèque,1208.79
114,2025-10-22,Lampe LED,MOBILIER,42.17,2.0,Client_1147,ÎLE-DE-FRANCE,Carte bancaire,84.34
115,2025-09-03,Lampe LED,MOBILIER,44.1,3.0,Client_1096,NOUVELLE-AQUITAINE,Carte bancaire,132.3
117,2025-07-19,Classeur,FOURNITURES,5.23,4.0,Client_1193,NOUVELLE-AQUITAINE,Carte bancaire,20.92
119,2025-06-15,Lampe LED,MOBILIER,29.96,4.0,Client_1198,NOUVELLE-AQUITAINE,Chèque,119.84
124,2025-08-15,Cahier A4,FOURNITURES,4.14,3.0,Client_1043,NOUVELLE-AQUITAINE,Carte bancaire,12.419999999999998
125,2025-09-02,Cahier A4,FOURNITURES,2.11,4.0,Client_1057,AUVERGNE-RHÔNE-ALPES,Carte bancaire,8.44
126,2025-09-15,Cahier A4,FOURNITURES,4.34,2.0,Client_1070,NOUVELLE-AQUITAINE,Chèque,8.68
127,2025-07-28,Lampe LED,NON RENSEIGNÉ,39.94,3.0,Client_1185,BRETAGNE,Espèces,119.82
128,2025-06-15,Smartphone,ÉLECTRONIQUE,896.89,4.0,Client_1013,OCCITANIE,Espèces,3587.56
129,2025-04-18,Chaise de bureau,MOBILIER,237.73,2.0,Client_1074,ÎLE-DE-FRANCE,Espèces,475.46
130,2025-12-09,Smartphone,ÉLECTRONIQUE,936.98,1.0,Client_1003,NON RENSEIGNÉ,Chèque,936.98
131,2025-03-15,Ordinateur portable,ÉLECTRONIQUE,1168.05,1.0,Client_1156,AUVERGNE-RHÔNE-ALPES,Chèque,1168.05
132,2025-05-11,Stylo pack x10,FOURNITURES,8.85,2.0,Client_1059,ÎLE-DE-FRANCE,Carte bancaire,17.7
133,2025-03-24,Cahier A4,FOURNITURES,2.94,4.0,Client_1151,NOUVELLE-AQUITAINE,Carte bancaire,11.76
134,2025-09-14,Lampe LED,MOBILIER,33.85,2.0,Client_1035,BRETAGNE,Espèces,67.7
135,2025-12-13,Stylo pack x10,FOURNITURES,10.14,2.0,Client_1141,AUVERGNE-RHÔNE-ALPES,Virement,20.28
136,2025-12-13,Bureau réglable,MOBILIER,351.53,4.0,Client_1178,AUVERGNE-RHÔNE-ALPES,Virement,1406.12
137,2025-08-14,Smartphone,ÉLECTRONIQUE,1041.09,1.0,Client_1097,BRETAGNE,Carte bancaire,1041.09
138,2025-02-23,Stylo pack x10,FOURNITURES,3.93,3.0,Client_1181,NOUVELLE-AQUITAINE,Chèque,11.790000000000001
139,2025-12-25,Cahier A4,FOURNITURES,3.71,4.0,Client_1088,ÎLE-DE-FRANCE,Carte bancaire,14.84
141,2025-02-15,Smartphone,ÉLECTRONIQUE,479.76,1.0,Client_1130,NOUVELLE-AQUITAINE,Virement,479.76
143,2025-12-04,Smartphone,ÉLECTRONIQUE,372.98,4.0,Client_1171,NOUVELLE-AQUITAINE,Carte bancaire,1491.92
144,2025-03-22,Smartphone,ÉLECTRONIQUE,630.64,1.0,Client_1167,AUVERGNE-RHÔNE-ALPES,Chèque,630.64
145,2025-06-20,Classeur,FOURNITURES,7.72,1.0,Client_1061,ÎLE-DE-FRANCE,Carte bancaire,7.72
146,2025-02-06,Smartphone,ÉLECTRONIQUE,866.27,1.0,Client_1054,NOUVELLE-AQUITAINE,Espèces,866.27
147,2025-07-25,Cahier A4,FOURNITURES,2.91,2.0,Client_1056,NON RENSEIGNÉ,Virement,5.82
149,2025-12-12,Classeur,FOURNITURES,5.06,3.0,Client_1037,NOUVELLE-AQUITAINE,Virement,15.18
153,2025-05-03,Lampe LED,MOBILIER,54.44,4.0,Client_1112,AUVERGNE-RHÔNE-ALPES,Carte bancaire,217.76
154,2025-01-01,Stylo pack x10,NON RENSEIGNÉ,3.14,4.0,Client_1128,OCCITANIE,Chèque,12.56
155,2025-09-28,Smartphone,ÉLECTRONIQUE,551.61,4.0,Client_1105,ÎLE-DE-FRANCE,Carte bancaire,2206.44
157,2025-06-27,Cahier A4,FOURNITURES,1.99,1.0,Client_1127,OCCITANIE,Chèque,1.99
158,2025-07-08,Cahier A4,NON RENSEIGNÉ,4.49,2.0,Client_1168,NOUVELLE-AQUITAINE,Espèces,8.98
161,2025-03-25,Casque audio,ÉLECTRONIQUE,223.15,1.0,Client_1077,NON RENSEIGNÉ,Espèces,223.15
163,2025-10-15,Stylo pack x10,FOURNITURES,8.22,1.0,Client_1038,OCCITANIE,Carte bancaire,8.22
165,2025-09-13,Stylo pack x10,FOURNITURES,10.91,1.0,Client_1090,NOUVELLE-AQUITAINE,Carte bancaire,10.91
166,2025-05-18,Bureau réglable,MOBILIER,450.44,1.0,Client_1033,NON RENSEIGNÉ,Carte bancaire,450.44
167,2025-11-11,Smartphone,ÉLECTRONIQUE,759.14,4.0,Client_1127,ÎLE-DE-FRANCE,Chèque,3036.56
170,2025-03-12,Ordinateur portable,ÉLECTRONIQUE,1323.25,2.0,Client_1015,NOUVELLE-AQUITAINE,Chèque,2646.5
171,2025-04-07,Lampe LED,MOBILIER,20.38,1.0,Client_1049,OCCITANIE,Virement,20.38
172,2025-04-10,Casque audio,ÉLECTRONIQUE,157.73,1.0,Client_1098,OCCITANIE,Espèces,157.73
173,2025-11-25,Smartphone,ÉLECTRONIQUE,845.37,2.0,Client_1116,NON RENSEIGNÉ,Carte bancaire,1690.74
174,2025-07-24,Smartphone,ÉLECTRONIQUE,365.63,1.0,Client_1078,ÎLE-DE-FRANCE,Chèque,365.63
177,2025-12-05,Stylo pack x10,NON RENSEIGNÉ,4.51,1.0,Client_1008,NOUVELLE-AQUITAINE,Carte bancaire,4.51
178,2025-07-19,Bureau réglable,MOBILIER,337.8,2.0,Client_1059,OCCITANIE,Chèque,675.6
179,2025-10-08,Bureau réglable,NON RENSEIGNÉ,319.03,4.0,Client_1106,ÎLE-DE-FRANCE,Chèque,1276.12
180,2025-06-24,Cahier A4,FOURNITURES,3.1,2.0,Client_1162,NOUVELLE-AQUITAINE,Carte bancaire,6.2
183,2025-04-08,Casque audio,ÉLECTRONIQUE,53.54,1.0,Client_1101,OCCITANIE,Carte bancaire,53.54
184,2025-08-12,Classeur,FOURNITURES,2.22,2.0,Client_1025,ÎLE-DE-FRANCE,Chèque,4.44
185,2025-03-14,Stylo pack x10,FOURNITURES,7.42,4.0,Client_1075,BRETAGNE,Espèces,29.68
188,2025-05-25,Chaise de bureau,MOBILIER,229.1,2.0,Client_1071,NOUVELLE-AQUITAINE,Chèque,458.2
189,2025-10-20,Chaise de bureau,NON RENSEIGNÉ,160.91,1.0,Client_1073,AUVERGNE-RHÔNE-ALPES,Espèces,160.91
192,2025-01-24,Stylo pack x10,FOURNITURES,8.08,2.0,Client_1148,ÎLE-DE-FRANCE,Carte bancaire,16.16
193,2025-08-09,Casque audio,ÉLECTRONIQUE,195.98,1.0,Client_1069,BRETAGNE,Espèces,195.98
194,2025-03-23,Lampe LED,MOBILIER,22.31,2.0,Client_1172,OCCITANIE,Espèces,44.62
195,2025-04-13,Stylo pack x10,FOURNITURES,5.91,2.0,Client_1149,OCCITANIE,Carte bancaire,11.82
197,2025-04-11,Stylo pack x10,FOURNITURES,6.92,2.0,Client_1062,ÎLE-DE-FRANCE,Chèque,13.84
198,2025-09-09,Stylo pack x10,FOURNITURES,4.12,4.0,Client_1010,BRETAGNE,Chèque,16.48
199,2025-12-07,Casque audio,ÉLECTRONIQUE,198.48,4.0,Client_1174,BRETAGNE,Espèces,793.92
202,2025-02-28,Casque audio,ÉLECTRONIQUE,122.81,2.0,Client_1166,AUVERGNE-RHÔNE-ALPES,Carte bancaire,245.62
205,2025-10-21,Stylo pack x10,FOURNITURES,10.93,1.0,Client_1003,NOUVELLE-AQUITAINE,Chèque,10.93
206,2025-05-12,Smartphone,ÉLECTRONIQUE,320.01,2.0,Client_1008,AUVERGNE-RHÔNE-ALPES,Non renseigné,640.02
208,2025-12-04,Classeur,NON RENSEIGNÉ,4.24,1.0,Client_1085,ÎLE-DE-FRANCE,Espèces,4.24
209,2025-10-05,Lampe LED,MOBILIER,28.96,4.0,Client_1096,ÎLE-DE-FRANCE,Virement,115.84
211,2025-09-03,Cahier A4,FOURNITURES,1.46,1.0,Client_1191,NOUVELLE-AQUITAINE,Virement,1.46
212,2025-08-26,Classeur,FOURNITURES,2.24,3.0,Client_1156,NOUVELLE-AQUITAINE,Virement,6.720000000000001
214,2025-02-25,Stylo pack x10,FOURNITURES,6.6,1.0,Client_1132,NOUVELLE-AQUITAINE,Chèque,6.6
215,2025-11-06,Bureau réglable,MOBILIER,160.13,2.0,Client_1036,NOUVELLE-AQUITAINE,Carte bancaire,320.26
216,2025-05-20,Chaise de bureau,MOBILIER,205.7,2.0,Client_1165,NOUVELLE-AQUITAINE,Carte bancaire,411.4
217,2025-07-11,Lampe LED,MOBILIER,29.45,1.0,Client_1009,OCCITANIE,Chèque,29.45
218,2025-03-10,Ordinateur portable,ÉLECTRONIQUE,1470.58,1.0,Client_1145,NOUVELLE-AQUITAINE,Espèces,1470.58
219,2025-10-04,Smartphone,ÉLECTRONIQUE,872.84,1.0,Client_1079,NOUVELLE-AQUITAINE,Chèque,872.84
220,2025-04-20,Smartphone,ÉLECTRONIQUE,810.97,3.0,Client_1116,NOUVELLE-AQUITAINE,Virement,2432.91
221,2025-11-28,Smartphone,ÉLECTRONIQUE,674.67,2.0,Client_1101,BRETAGNE,Non renseigné,1349.34
223,2025-11-26,Stylo pack x10,FOURNITURES,4.55,1.0,Client_1016,OCCITANIE,Virement,4.55
225,2025-08-23,Stylo pack x10,FOURNITURES,5.62,2.0,Client_1150,NOUVELLE-AQUITAINE,Espèces,11.24
226,2025-08-01,Bureau réglable,MOBILIER,310.03,1.0,Client_1137,AUVERGNE-RHÔNE-ALPES,Espèces,310.03
228,2025-08-12,Bureau réglable,MOBILIER,164.72,1.0,Client_1137,NON RENSEIGNÉ,Virement,164.72
